Cycle,Date
1,2008/07/12
2,2008/07/21
3,2008/07/31
4,2008/08/10
5,2008/08/20
6,2008/08/30
7,2008/09/09
8,2008/09/19
9,2008/09/29
10,2008/10/09
11,2008/10/19
12,2008/10/29
13,2008/11/08
14,2008/11/17
15,2008/11/27
16,2008/12/07
17,2008/12/17
18,2008/12/27
19,2009/01/06
20,2009/01/16
21,2009/01/26
22,2009/02/05
23,2009/02/15
24,2009/02/25
25,2009/03/07
26,2009/03/16
27,2009/03/26
28,2009/04/05
29,2009/04/15
30,2009/04/25
31,2009/05/05
32,2009/05/15
33,2009/05/25
34,2009/06/04
35,2009/06/14
36,2009/06/24
37,2009/07/04
38,2009/07/13
39,2009/07/23
40,2009/08/02
41,2009/08/12
42,2009/08/22
43,2009/09/01
44,2009/09/11
45,2009/09/21
46,2009/10/01
47,2009/10/11
48,2009/10/21
49,2009/10/31
50,2009/11/09
51,2009/11/19
52,2009/11/29
53,2009/12/09
54,2009/12/19
55,2009/12/29
56,2010/01/08
57,2010/01/18
58,2010/01/28
59,2010/02/07
60,2010/02/17
61,2010/02/26
62,2010/03/08
63,2010/03/18
64,2010/03/28
65,2010/04/07
66,2010/04/17
67,2010/04/27
68,2010/05/07
69,2010/05/17
70,2010/05/27
71,2010/06/06
72,2010/06/16
73,2010/06/25
74,2010/07/05
75,2010/07/15
76,2010/07/25
77,2010/08/04
78,2010/08/14
79,2010/08/24
80,2010/09/03
81,2010/09/13
82,2010/09/23
83,2010/10/03
84,2010/10/13
85,2010/10/22
86,2010/11/01
87,2010/11/11
88,2010/11/21
89,2010/12/01
90,2010/12/11
91,2010/12/21
92,2010/12/31
93,2011/01/10
94,2011/01/20
95,2011/01/30
96,2011/02/09
97,2011/02/18
98,2011/02/28
99,2011/03/10
100,2011/03/20
101,2011/03/30
102,2011/04/09
103,2011/04/19
104,2011/04/29
105,2011/05/09
106,2011/05/19
107,2011/05/29
108,2011/06/08
109,2011/06/17
110,2011/06/27
111,2011/07/07
112,2011/07/17
113,2011/07/27
114,2011/08/06
115,2011/08/16
116,2011/08/26
117,2011/09/05
118,2011/09/15
119,2011/09/25
120,2011/10/05
121,2011/10/14
122,2011/10/24
123,2011/11/03
124,2011/11/13
125,2011/11/23
126,2011/12/03
127,2011/12/13
128,2011/12/23
129,2012/01/02
130,2012/01/12
131,2012/01/22
132,2012/02/01
133,2012/02/10
134,2012/02/20
135,2012/03/01
136,2012/03/11
137,2012/03/21
138,2012/03/31
139,2012/04/10
140,2012/04/20
141,2012/04/30
142,2012/05/10
143,2012/05/20
144,2012/05/29
145,2012/06/08
146,2012/06/18
147,2012/06/28
148,2012/07/08
149,2012/07/18
150,2012/07/28
151,2012/08/07
152,2012/08/17
153,2012/08/27
154,2012/09/06
155,2012/09/16
156,2012/09/25
157,2012/10/05
158,2012/10/15
159,2012/10/25
160,2012/11/04
161,2012/11/14
162,2012/11/24
163,2012/12/04
164,2012/12/14
165,2012/12/24
166,2013/01/03
167,2013/01/13
168,2013/01/22
169,2013/02/01
170,2013/02/11
171,2013/02/21
172,2013/03/03
173,2013/03/13
174,2013/03/23
175,2013/04/02
176,2013/04/12
177,2013/04/22
178,2013/05/02
179,2013/05/12
180,2013/05/21
181,2013/05/31
182,2013/06/10
183,2013/06/20
184,2013/06/30
185,2013/07/10
186,2013/07/20
187,2013/07/30
188,2013/08/09
189,2013/08/19
190,2013/08/29
191,2013/09/08
192,2013/09/17
193,2013/09/27
194,2013/10/07
195,2013/10/17
196,2013/10/27
197,2013/11/06
198,2013/11/16
199,2013/11/26
200,2013/12/06
201,2013/12/16
202,2013/12/26
203,2014/01/05
204,2014/01/14
205,2014/01/24
206,2014/02/03
207,2014/02/13
208,2014/02/23
209,2014/03/05
210,2014/03/15
211,2014/03/25
212,2014/04/04
213,2014/04/14
214,2014/04/24
215,2014/05/04
216,2014/05/13
217,2014/05/23
218,2014/06/02
219,2014/06/12
220,2014/06/22
221,2014/07/02
222,2014/07/12
223,2014/07/22
224,2014/08/01
225,2014/08/11
226,2014/08/21
227,2014/08/31
228,2014/09/09
229,2014/09/19
230,2014/09/29
231,2014/10/09
232,2014/10/19
233,2014/10/29
234,2014/11/08
235,2014/11/18
236,2014/11/28
237,2014/12/08
238,2014/12/18
239,2014/12/28
240,2015/01/06
241,2015/01/16
242,2015/01/26
243,2015/02/05
244,2015/02/15
245,2015/02/25
246,2015/03/07
247,2015/03/17
248,2015/03/27
249,2015/04/06
250,2015/04/16
251,2015/04/25
252,2015/05/05
253,2015/05/15
254,2015/05/25
255,2015/06/04
256,2015/06/14
257,2015/06/24
258,2015/07/04
259,2015/07/14
260,2015/07/24
261,2015/08/03
262,2015/08/13
263,2015/08/22
264,2015/09/01
265,2015/09/11
266,2015/09/21
267,2015/10/01
268,2015/10/11
269,2015/10/21
270,2015/10/31
271,2015/11/10
272,2015/11/20
273,2015/11/30
274,2015/12/10
275,2015/12/19
276,2015/12/29
277,2016/01/08
278,2016/01/18
279,2016/01/28
280,2016/02/07
281,2016/02/17
282,2016/02/27
283,2016/03/08
284,2016/03/18
285,2016/03/28
286,2016/04/07
287,2016/04/16
288,2016/04/26
289,2016/05/06
290,2016/05/16
291,2016/05/26
292,2016/06/05
293,2016/06/15
294,2016/06/25
295,2016/07/05
296,2016/07/15
297,2016/07/25
298,2016/08/04
299,2016/08/13
300,2016/08/23
301,2016/09/02
302,2016/09/12
303,2016/09/22
304,2016/10/02
305,2016/10/12
306,2016/10/22
307,2016/11/01
308,2016/11/11
309,2016/11/21
310,2016/12/01
311,2016/12/10
312,2016/12/20
313,2016/12/30
314,2017/01/09
315,2017/01/19
316,2017/01/29
317,2017/02/08
318,2017/02/18
319,2017/02/28
320,2017/03/10
321,2017/03/20
322,2017/03/30
323,2017/04/08
324,2017/04/18
325,2017/04/28
326,2017/05/08
327,2017/05/18
328,2017/05/28
329,2017/06/07
330,2017/06/17
331,2017/06/27
332,2017/07/07
333,2017/07/17
334,2017/07/26
335,2017/08/05
336,2017/08/15
337,2017/08/25
338,2017/09/04
339,2017/09/14
340,2017/09/24
341,2017/10/04
342,2017/10/14
343,2017/10/24
344,2017/11/03
345,2017/11/13
346,2017/11/22
347,2017/12/02
348,2017/12/12
349,2017/12/22
